<?xml version="1.0" encoding="UTF-8" standalone="yes"?>
<addon id="plugin.program.AtrionWizard" name="Atrions Wizard" version="0.0.6" provider-name="Atrion Darnay">
  <requires>
    <import addon="xbmc.python" version="2.1.0"/>
  </requires>
  <extension point="xbmc.python.pluginsource" library="default.py">
    <provides>executable</provides>
  </extension>
  <extension point="xbmc.service" library="startup.py" start="startup" />
  <extension point="xbmc.addon.metadata">
    <summary lang="en">Atrions Wizard</summary>
    <description lang="en">Atrions Wizard allows you to get access to the latest of Atrions Custom Builds.
[CR]</description>
    <platform>all</platform>
  </extension>
</addon>