<?xml version="1.0" encoding="UTF-8" standalone="yes"?>
<addon id="plugin.program.touchCalibration" name="Touch Screen Calibration" version="1.1.1" provider-name="Andrei">
    <requires>
        <import addon="xbmc.python" version="2.1.0"/>
    </requires>
    <extension point="xbmc.python.pluginsource" library="addon.py">
        <provides>executable</provides>
    </extension>
    <extension point="xbmc.addon.metadata">
        <platform>all</platform>
        <disclaimer></disclaimer>
        <summary lang="en">Touch screen calibration tool</summary>
        <description lang="en">Touch screen calibration tool</description>
        <license>GNU GENERAL PUBLIC LICENSE. Version 2, June 1991</license>
        <language/>
        <website>www.engineering-diy.blogspot.com</website>
        <email>andrei.istodorescu@gmail.com</email>
    </extension>
</addon>
