<?xml version="1.0" encoding="UTF-8"?>
<window>
	<defaultcontrol always="true">2</defaultcontrol>
	<controls>
		<include>CommonBackground</include>
		<control type="group">
			<include>Window_OpenClose_Animation_Zoom</include>
			<posx>0</posx>
			<posy>0</posy>
			<control type="image">
				<description>Menu Panel</description>
				<posx>0</posx>
				<posy>100</posy>
				<width>390</width>
				<height>750</height>
				<texture>back.png</texture>
			</control>
			<control type="grouplist" id="9">
				<description>button area</description>
				<posx>0</posx>
				<posy>130</posy>
				<width>390</width>
				<height>720</height>
				<itemgap>-1</itemgap>
				<onleft>9</onleft>
				<onright>9</onright>
				<onup>2</onup>
				<ondown>2</ondown>
				<control type="button" id="91">
					<description>Profiles Button</description>
					<width>390</width>
					<height>80</height>
					<aligny>center</aligny>
					<font>font24_title</font>
					<textcolor>white</textcolor>
					<texturefocus>list_focus.png</texturefocus>
					<texturenofocus></texturenofocus>
					<pulseonselect>false</pulseonselect>
					<label>13200</label>
					<textoffsetx>20</textoffsetx>
					<onfocus>Skin.SetString(ProfileSettings,1)</onfocus>
				</control>
				<control type="button" id="92">
					<description>Login Button</description>
					<width>390</width>
					<height>80</height>
					<aligny>center</aligny>
					<font>font24_title</font>
					<textcolor>white</textcolor>
					<texturefocus>list_focus.png</texturefocus>
					<texturenofocus></texturenofocus>
					<pulseonselect>false</pulseonselect>
					<label>31038</label>
					<textoffsetx>20</textoffsetx>
					<onfocus>Skin.SetString(ProfileSettings,2)</onfocus>
				</control>
			</control>
			<include content="ProfilesContent" condition="String.IsEqual(Skin.AspectRatio,16:9)">
				<param name="panel-width">1316</param>
				<param name="textbox-width">1286</param>
			</include>
			<include content="ProfilesContent" condition="String.IsEqual(Skin.AspectRatio,4:3)">
				<param name="panel-width">890</param>
				<param name="textbox-width">860</param>
			</include>
		</control>
		<include>Header</include>
		<include>CommonNowPlaying</include>
		<include>Footer</include>
		<control type="label">
			<description>Window label</description>
			<include>MediaWindowTitleCommons</include>
			<label>$LOCALIZE[10034]</label>
		</control>
		<control type="panel" id="9002">
			<include>VisibleFadeEffect</include>
			<include>BottomMenuLayout</include>
			<content>
				<item>
					<label>31200</label>
					<onclick>Back</onclick>
					<icon>icon_button_back.png</icon>
				</item>
				<item>
					<label>1036</label>
					<onclick>ActivateWindow(Favourites)</onclick>
					<icon>icon_button_favourites.png</icon>
				</item>
			</content>
		</control>
		<include>DayNight</include>
	</controls>
</window>
