<?xml version="1.0" encoding="UTF-8"?><window id="500">
	<defaultcontrol always="true">50</defaultcontrol>
	<views>50,500</views>
	<onunload>Skin.Reset(MediaSubMenuVisible2)</onunload>
	<backgroundcolor>0</backgroundcolor>
	<controls>
		<include>CommonBackground</include>
		<include>FileCountCommons</include>
		<include>HomeButtonCommons</include>
		<include>BottomNowPLaying</include>
		<include>ScrollBarCommons</include>
		
		<control type="label">
			<description>Window label</description>
			<include>MediaWindowTitleCommons</include>
			<label>$LOCALIZE[10517]</label>
		</control>
		<control type="group">
			<include>Window_OpenClose_Animation_Zoom</include>
			<include>CommonRootView</include> <!-- view id = 50 -->
			<include>ThumbnailView</include> <!-- view id = 500 -->
		</control>
		<control type="group">
			<visible>Skin.HasSetting(MediaSubMenuVisible2)</visible>
			<include>VisibleFadeEffect</include>
			<control type="button">
				<description>Hidden button to close the sort when its focused</description>
				<posx>0</posx>
				<posy>0</posy>
				<width>ScreenWidth</width>
				<height>ScreenHeight</height>
				<texturenofocus>-</texturenofocus>
				<texturefocus>-</texturefocus>
				<onclick>Skin.Reset(MediaSubMenuVisible2)</onclick>
			</control>
			<control type="group">
				<posx>340r</posx>
				<posy>300</posy>
				<control type="button">
					<description>Panel Background image</description>
					<posx>8</posx>
					<posy>8</posy>
					<width>304</width>
					<height>316</height>
					<texturefocus border="5">SubBack.png</texturefocus>
					<texturenofocus border="5">SubBack.png</texturenofocus>
					<onclick>noop</onclick>
				</control>
				<control type="image">
					<description>Panel Forground image</description>
					<posx>10</posx>
					<posy>10</posy>
					<width>300</width>
					<height>312</height>
					<texture border="5">SubBack2.png</texture>
				</control>
				<control type="grouplist">
					<posx>11</posx>
					<posy>11</posy>
					<width>298</width>
					<height>312</height>
					<onleft>9000</onleft>
					<onright>50</onright>
					<onup>9000</onup>
					<ondown>9000</ondown>
					<itemgap>0</itemgap>
					<control type="radiobutton" id="20">
						<description>Shuffle button</description>
						<include>ButtonCommonValues2</include>
						<label>191</label>
					</control>
					<control type="button" id="26">
						<description>Repeat button</description>
						<textwidth>235</textwidth>
						<include>ButtonCommonValues2</include>
						<label>-</label>
					</control>
					<control type="button" id="21">
						<description>Save button</description>
						<label>190</label>
						<textwidth>235</textwidth>
						<include>ButtonCommonValues2</include>
					</control>
					<control type="button" id="22">
						<description>Clear button</description>
						<label>192</label>
						<textwidth>235</textwidth>
						<include>ButtonCommonValues2</include>
					</control>
					<control type="button">
						<description>New playlist</description>
						<label>$LOCALIZE[40130]</label>
						<textwidth>235</textwidth>
						<include>ButtonCommonValues2</include>
						<onclick>ActivateWindow(503)</onclick>
					</control>
					<control type="image">
						<posx>0</posx>
						<posy>100</posy>
						<width>298</width>
						<height>10</height>
						<texture>shelf_shadow.png</texture>
					</control>
				</control>
			</control>
		</control>
		<control type="panel" id="9002">
			<visible>!Window.IsActive(PlayerControls)</visible>
			<include>VisibleFadeEffect</include>
			<include>SubMenuCommonLayout</include>
			<content>	
				<item>
					<description>Pop-up menu open</description>
					<visible>!Skin.HasSetting(MediaSubMenuVisible2)</visible>
					<icon>arrow-big-up.png</icon>
					<label></label>
					<onclick>Skin.ToggleSetting(MediaSubMenuVisible2)</onclick>
				</item>
				<item>
					<description>Pop-up menu close</description>
					<visible>Skin.HasSetting(MediaSubMenuVisible2)</visible>
					<icon>arrow-big-down.png</icon>
					<label></label>
					<onclick>Skin.ToggleSetting(MediaSubMenuVisible2)</onclick>
				</item>
                <item id="9032">
					<description>Change view</description>
                    <label>31202</label>
                    <visible></visible>
                    <onclick>Container.NextViewMode</onclick>
                    <icon>icon_view_w.png</icon>
                    <align>right</align>
				</item>               
				<item>
					<description>Favourites</description>
					<label>1036</label>
					<onclick>ActivateWindow(Favourites)</onclick>
					<icon>icon_favourites_w.png</icon>
				</item>
				<item>
					<description>Back</description>
					<label>31200</label>
					<onclick>ParentDir</onclick>
					<icon>icon_back_w.png</icon>
				</item>
			</content>
		</control>
		<include>BehindDialogFadeOut</include>
	</controls>
</window>
